{
  "AfricanCapitals": {
    "category_name": "African Capital Cities",
    "type_required": "Capital",
    "continent_required": "Africa",
    "valid_list": {
      "abidjan": { "country": "Côte d'Ivoire" },
      "abjua": { "country": "Nigeria" },
      "accra": { "country": "Ghana" },
      "addis ababa": { "country": "Ethiopia" },
      "algiers": { "country": "Algeria" },
      "antananarivo": { "country": "Madagascar" },
      "asmara": { "country": "Eritrea" },
      "bamako": { "country": "Mali" },
      "bangui": { "country": "Central African Republic" },
      "banjul": { "country": "Gambia" },
      "bissau": { "country": "Guinea-Bissau" },
      "brazzaville": { "country": "Republic of the Congo" },
      "cairo": { "country": "Egypt" },
      "conakry": { "country": "Guinea" },
      "dakar": { "country": "Senegal" },
      "djibouti": { "country": "Djibouti" },
      "dodoma": { "country": "Tanzania" },
      "freetown": { "country": "Sierra Leone" },
      "gaborone": { "country": "Botswana" },
      "harare": { "country": "Zimbabwe" },
      "juba": { "country": "South Sudan" },
      "kampala": { "country": "Uganda" },
      "khartoum": { "country": "Sudan" },
      "kigali": { "country": "Rwanda" },
      "kinshasa": { "country": "Democratic Republic of the Congo" },
      "libreville": { "country": "Gabon" },
      "lilongwe": { "country": "Malawi" },
      "lome": { "country": "Togo" },
      "luanda": { "country": "Angola" },
      "lusaka": { "country": "Zambia" },
      "malabo": { "country": "Equatorial Guinea" },
      "maputo": { "country": "Mozambique" },
      "maseru": { "country": "Lesotho" },
      "mbabane": { "country": "Eswatini" },
      "mogadishu": { "country": "Somalia" },
      "monrovia": { "country": "Liberia" },
      "moroni": { "country": "Comoros" },
      "nairobi": { "country": "Kenya" },
      "ndjamena": { "country": "Chad" },
      "niamey": { "country": "Niger" },
      "nouakchott": { "country": "Mauritania" },
      "ouagadougou": { "country": "Burkina Faso" },
      "porto-novo": { "country": "Benin" },
      "pretoria": { "country": "South Africa" },
      "cape town": { "country": "South Africa" },
      "bloemfontein": { "country": "South Africa" },
      "rabat": { "country": "Morocco" },
      "sao tome": { "country": "São Tomé and Príncipe" },
      "tripoli": { "country": "Libya" },
      "tunis": { "country": "Tunisia" },
      "victoria": { "country": "Seychelles" },
      "windhoek": { "country": "Namibia" }
    }
  },

  "CountriesStartingWithA": {
    "category_name": "Sovereign Countries Starting with A",
    "starts_with": "A",
    "is_sovereign": true,
    "valid_list": {
      "afghanistan": { "continent": "Asia" },
      "albania": { "continent": "Europe" },
      "algeria": { "continent": "Africa" },
      "andorra": { "continent": "Europe" },
      "angola": { "continent": "Africa" },
      "antigua and barbuda": { "continent": "North America" },
      "argentina": { "continent": "South America" },
      "armenia": { "continent": "Asia" },
      "australia": { "continent": "Oceania" },
      "austria": { "continent": "Europe" },
      "azerbaijan": { "continent": "Asia" }
    }
  }

  
}
